;temp;hum;co2;smoke;fire_label
;23,7;79;413;0;0
;21,6;63,1;430;0;0
;20,6;77,3;432;0;0
;20,2;79,4;415;0;0
;28,3;64,2;391;0;0
;23;70,5;391;0;0
;24,3;65,8;380;0;0
;22,9;67,3;406;0;0
;24,6;75,7;401;0;0
;25,9;60,9;372;0;0
;26,1;63,4;388;0;0
;26,8;68,8;514,6475853;0;0
;21,2;69,9;416;0;0
;23,1;70,4;376;0;0
;25,5;63,7;415;0;0
;20,9;63,9;403;0;0
;20,5;66,5;370;0;0
;28,3;67,1;386;0;0
;22,8;70,9;406;0;0
;20,7;79,7;392;0;0
;27,7;64;421;0;0
;27,7;61,5;419;0;0
;23,6;62,3;407;0;0
;23,3;61,3;420;0;0
;23,1;66,5;416;0;0
;28,9;69,4;427;0;0
;21,2;74,3;407;0;0
;27,7;69,9;431;0;0
;25,2;68,6;402;0;0
;23,1;70,2;394;0;0
;29,1;65;430;0;0
;22,3;61,5;390;0;0
;22,9;63,2;418;0;0
;28;63,7;407;0;0
;28,9;70,8;386;0;0
;22,3;68,5;393;0;0
;28,2;77,2;400;0;0
;24,2;64,4;395;0;0
;21,2;66,8;397;0;0
;25,2;74,1;408;0;0
;23,6;79,4;362;0;0
;22,8;60,7;399;0;0
;26,1;70,1;396;0;0
;21,4;69,8;406;0;0
;29,9;64,8;423;0;0
;22,4;74,6;415;0;0
;23,7;72,6;412;0;0
;20,9;76,7;444;0;0
;23,2;63,7;402;0;0
;26,8;60,3;390;0;0
;25,1;64,5;379;0;0
;26,9;67,7;409;0;0
;29,4;62,8;384;0;0
;29,2;77,5;394;0;0
;22,6;73,2;405;0;0
;25,3;64,8;426;0;0
;20,9;77,9;405;0;0
;23,4;67;416;0;0
;27,3;77,9;405;0;0
;26,4;61,7;407;0;0
;21,6;78;406;0;0
;20,1;63,2;386;0;0
;25,5;73,8;376;0;0
;27,1;64,7;413;0;0
;23,3;74,9;419;0;0
;26,6;71,4;408;0;0
;20,9;67,4;382;0;0
;29,7;67,9;384;0;0
;28,9;72,6;400;0;0
;25,8;69,9;429;0;0
;22;74,4;379;0;0
;29,4;79,1;410;0;0
;29,1;67,4;409;0;0
;29,6;77,1;399;0;0
;22,9;67,7;391;0;0
;21,7;71,1;417;0;0
;29,4;73,9;382;0;0
;26,2;79,8;403;0;0
;21,4;70,4;407;0;0
;27;74;411;0;0
;23,6;65,9;410;0;0
;28,7;78,3;410;0;0
;25,1;70;411;0;0
;27;75,9;423;0;0
;28,9;66,8;495,6738799;0;0
;25,8;60,7;395;0;0
;24,7;70,9;414;0;0
;20,3;60,7;368;0;0
;28,2;67,2;401;0;0
;27,7;64,3;378;0;0
;26,2;61,7;401;0;0
;25,4;72,7;387;0;0
;27,3;79,5;359;0;0
;28;65,4;404;0;0
;24,4;61,6;410;0;0
;24,1;63,5;417;0;0
;21,6;65;435;0;0
;26,6;65,6;408;0;0
;29,5;74,8;442;0;0
;24,2;65;599,6434233;0;0
;23,6;75,2;409;0;0
;24,7;62;415;0;0
;24,9;69,5;395;0;0
;24;72,3;375;0;0
;26,4;60,9;429;0;0
;25;77,1;371;0;0
;26,6;63,3;404;0;0
;20,3;71,7;388;0;0
;29,4;71,5;432;0;0
;24,6;70,9;375;0;0
;29,4;67,7;406;0;0
;20,7;66,4;388;0;0
;28,4;60,5;388;0;0
;21,2;73,9;417;0;0
;26,3;77,5;416;0;0
;22,8;63,5;413;0;0
;27,5;76,1;400;0;0
;23,7;75,5;402;0;0
;23,4;78,6;396;0;0
;27,5;75,1;422;0;0
;21;78,1;426;0;0
;23,2;77,9;400;0;0
;23,9;60,2;406;0;0
;29,5;71,5;397;0;0
;26,3;69;380;0;0
;26,7;75;376;0;0
;27,9;75,8;400;0;0
;20,6;71;382;0;0
;24,4;77,8;383;0;0
;21,4;75,2;394;0;0
;26,2;62;405;0;0
;20,7;76,4;390;0;0
;27,1;61,6;371;0;0
;28,1;78,9;372;0;0
;29,9;75,1;386;0;0
;27,8;71,2;396;0;0
;24,2;78,1;400;0;0
;20,1;69,4;380;0;0
;20,6;62,4;406;0;0
;27,5;71,7;383;0;0
;29,6;67,5;414;0;0
;22,2;79,3;392;0;0
;20,1;79,4;404;0;0
;20,7;71,1;400;0;0
;29,7;70,5;429;0;0
;24,5;72,6;419;0;0
;25,8;78;444;0;0
;22,8;63,8;384;0;0
;24,6;67,1;385;0;0
;29,7;79,7;403;0;0
;27;70,7;419;0;0
;26,8;63,3;388;0;0
;29,1;76,5;374;0;0
;29,3;77,3;567,0283903;0;0
;20,5;60,5;424;0;0
;29,9;63;391;0;0
;25,9;67,6;398;0;0
;24,1;65,5;425;0;0
;20,6;77,3;400;0;0
;27,7;78,9;401;0;0
;28,5;64,9;379;0;0
;29,5;72,1;397;0;0
;22,3;73,4;369;0;0
;21,1;73,4;426;0;0
;25,2;75,4;424;0;0
;25,5;71,2;401;0;0
;28,8;68,1;413;0;0
;27;64,3;427;0;0
;21,4;60,3;421;0;0
;23,9;68,7;365;0;0
;29;67;430;0;0
;24;72,4;401;0;0
;28,6;79;366;0;0
;24,6;79,6;399;0;0
;24,9;66,6;374;0;0
;20,8;62,6;413;0;0
;21,3;63;407;0;0
;21,8;66,9;381;0;0
;29;69,5;380;0;0
;21,9;60,8;410;0;0
;21,7;65,6;398;0;0
;22,1;67,3;379;0;0
;25;73,8;386;0;0
;28,7;78,4;404;0;0
;20,6;65,5;412;0;0
;21,8;64,2;415;0;0
;23,7;69,7;370;0;0
;24,6;74,9;427;0;0
;20,4;65;412;0;0
;25,1;70,6;406;0;0
;21,1;68,9;368;0;0
;22,7;67,5;404;0;0
;20,2;66,4;387;0;0
;21,2;77,8;378;0;0
;25,9;73,6;400;0;0
;20,9;70,7;430;0;0
;25,9;74,9;379;0;0
;22,8;67,3;396;0;0
;26,5;71,4;372;0;0
;21;63,1;411;0;0
;22,5;63,2;388;0;0
;21,7;77,9;383;0;0
;20,8;70,5;405;0;0
;21,1;68;399;0;0
;29,7;77,3;388;0;0
;21,7;73,4;415;0;0
;29,3;71,1;367;0;0
;27,7;63,7;411;0;0
;23,2;68,5;367;0;0
;21,1;72,2;401;0;0
;22,9;71,6;399;0;0
;25,3;61;376;0;0
;23,4;62,7;420;0;0
;22,5;73,6;388;0;0
;27,6;71,9;351;0;0
;23,5;78,6;384;0;0
;28,3;79,3;407;0;0
;29,4;63,6;388;0;0
;20,7;74,8;423;0;0
;21,4;75,9;405;0;0
;22;63,3;408;0;0
;26,7;70,5;392;0;0
;23,6;77,5;424;0;0
;24,4;67,5;392;0;0
;24,6;66;400;0;0
;22,3;78;434;0;0
;23,8;70,9;405;0;0
;21,2;78,8;415;0;0
;26,3;66,7;407;0;0
;26,2;70,7;392;0;0
;28,9;75,8;391;0;0
;22,5;74,9;383;0;0
;20,3;71,4;410;0;0
;23,4;76,4;407;0;0
;21,1;76,9;395;0;0
;28;63;380;0;0
;22,3;74,4;417;0;0
;26,9;70,9;427;0;0
;22,5;66,9;364;0;0
;24,6;78,9;430;0;0
;21,5;71,7;449;0;0
;20,2;77,4;403;0;0
;29,3;71,3;410;0;0
;27,1;63,1;404;0;0
;25,8;72,1;432;0;0
;29,3;78,5;390;0;0
;24,5;62,3;401;0;0
;25,9;68;422;0;0
;20,5;66,7;380;0;0
;25,4;78,4;367;0;0
;23,5;66,9;393;0;0
;22,2;69;433;0;0
;21,4;63,5;346;0;0
;29,1;67,2;399;0;0
;25,8;72,6;395;0;0
;20,9;79,9;378;0;0
;25;71,9;400;0;0
;22,1;78;400;0;0
;22,1;63,8;399;0;0
;25,6;61,3;389;0;0
;27,8;69,1;347;0;0
;24;71,2;422;0;0
;21,6;63,6;372;0;0
;26,4;68,2;384;0;0
;20,3;63,1;419;0;0
;20,3;64,4;425;0;0
;22,3;73,4;390;0;0
;26,5;64,8;410;0;0
;21;64,9;414;0;0
;28,3;67,9;409;0;0
;26,7;64,1;412;0;0
;20,1;61,7;394;0;0
;22,1;60,5;407;0;0
;24,2;77,9;375;0;0
;28,2;66,8;386;0;0
;25,9;65,4;372;0;0
;26,2;68,2;358;0;0
;22,9;79;434;0;0
;27,6;62,8;399;0;0
;28,9;76;422;0;0
;24,3;60,4;406;0;0
;26,3;65,2;366;0;0
;21,4;76,7;400;0;0
;21,7;65,4;407;0;0
;20,2;78,3;404;0;0
;22,7;71,1;380;0;0
;26,5;76,6;405;0;0
;26;73,3;420;0;0
;21,8;78,3;363;0;0
;25,2;60,9;374;0;0
;21,7;74,8;404;0;0
;22,5;67,8;385;0;0
;22,9;67,1;380;0;0
;25,7;69,5;421;0;0
;26,6;78,7;383;0;0
;20,3;65,2;414;0;0
;26;61;451;0;0
;23,3;75,4;398;0;0
;21,1;61,5;399;0;0
;26,9;68,7;435;0;0
;22,5;76,4;413;0;0
;22,7;71,8;419;0;0
;23,6;61,8;399;0;0
;21,9;70,8;412;0;0
;28,7;74,6;411;0;0
;26,9;77;422;0;0
;22,5;69,8;409;0;0
;21,8;71,4;404;0;0
;29,2;60,7;378;0;0
;29,2;79,4;421;0;0
;29,4;69,5;401;0;0
;23,2;76,6;401;0;0
;20,4;71,9;391;0;0
;20,8;73,9;394;0;0
;23,4;74,5;396;0;0
;25,4;75,8;391;0;0
;23,2;72,5;405;0;0
;22,3;60,5;418;0;0
;28,7;60,4;402;0;0
;29,4;76;421;0;0
;30;67;390;0;0
;24,8;72,6;428;0;0
;28,7;79,7;391;0;0
;24,2;74,8;429;0;0
;22,4;62,2;373;0;0
;23;64,7;382;0;0
;20,4;60,4;399;0;0
;23,8;73,6;405;0;0
;22,2;79;420;0;0
;29,4;69,3;396;0;0
;26,1;63,3;403;0;0
;26,1;70,3;410;0;0
;22,3;63,5;388;0;0
;27,8;67;389;0;0
;20,6;79,4;428;0;0
;27;63,1;389;0;0
;28,2;64,5;404;0;0
;25,9;71,6;370;0;0
;20,9;77,5;388;0;0
;28,9;79,1;392;0;0
;28,6;76,2;413;0;0
;20,9;68,2;440;0;0
;23,7;65,2;399;0;0
;20,8;64,4;436;0;0
;26,8;61,5;400;0;0
;24,8;71,8;424;0;0
;28,2;67;414;0;0
;22,7;77,6;437;0;0
;28;73,2;416;0;0
;27;73,6;410;0;0
;26,2;75,1;397;0;0
;23,4;74,9;403;0;0
;21,6;76,4;401;0;0
;20,1;65,7;426;0;0
;26,2;79,6;373;0;0
;26,3;70,8;415;0;0
;27,8;62,1;542,9015181;0;0
;29,6;66,8;432;0;0
;26,3;78,6;391;0;0
;23;74,2;404;0;0
;20,7;71,6;424;0;0
;20,5;77,4;370;0;0
;29,7;79,4;389;0;0
;27,6;60,5;408;0;0
;20,2;66,5;431;0;0
;26,8;68,9;399;0;0
;22,7;79,9;518,9476229;0;0
;21,6;75,9;356;0;0
;26,9;64,4;405;0;0
;26,5;65,5;389;0;0
;29,5;63;413;0;0
;24,2;72,8;398;0;0
;24;65,5;399;0;0
;28,9;64,6;405;0;0
;22,1;60,6;375;0;0
;28,6;69,5;429;0;0
;29,7;63,7;407;0;0
;27,7;76,9;409;0;0
;27,6;72,5;404;0;0
;28;69,6;414;0;0
;21,2;62,5;386;0;0
;22;69,8;436;0;0
;20,6;71,6;417;0;0
;23,1;69,1;387;0;0
;20,1;61,4;391;0;0
;26;65,8;352;0;0
;26,9;77,2;381;0;0
;22,4;79,7;399;0;0
;21,4;70;430;0;0
;25,6;60,2;418;0;0
;23,3;70,4;395;0;0
;20,3;61,6;386;0;0
;24;62,7;436;0;0
;28;64;413;0;0
;21,7;62,1;428;0;0
;20,3;78,7;418;0;0
;20,5;70,8;414;0;0
;27,1;76;408;0;0
;23,4;76,3;426;0;0
;24,5;72,9;404;0;0
;25,3;74,6;387;0;0
;28,7;64,4;390;0;0
;29,8;66,7;410;0;0
;26,6;70;389;0;0
;25,6;74,4;401;0;0
;22;73,6;402;0;0
;20,7;60,6;395;0;0
;28,7;74,5;367;0;0
;27,4;68,5;375;0;0
;29,9;60,8;371;0;0
;28,7;71,6;434;0;0
;24,9;77,5;391;0;0
;29;68,4;413;0;0
;29,1;64,2;368;0;0
;26,2;72,6;387;0;0
;27,2;78,2;408;0;0
;21,8;64,8;399;0;0
;22,5;77,4;423;0;0
;24,5;70,3;423;0;0
;21,6;67,8;365;0;0
;29,7;65,2;374;0;0
;27,7;62,6;423;0;0
;29,7;69,1;402;0;0
;23,4;76,6;374;0;0
;24,3;65;430;0;0
;21,7;63,4;417;0;0
;20,4;74,7;394;0;0
;28,4;76,1;442;0;0
;25,9;77,4;395;0;0
;22,7;61,1;396;0;0
;25,3;78,7;415;0;0
;23,2;70,1;398;0;0
;20,4;63;418;0;0
;24,5;70,3;407;0;0
;24,9;73,3;422;0;0
;22;73,5;379;0;0
;29,7;61,9;388;0;0
;28,7;63,5;438;0;0
;26,9;76,8;403;0;0
;25;72,4;407;0;0
;28,7;71,4;422;0;0
;22,2;73,2;424;0;0
;23,9;73;406;0;0
;30;61;385;0;0
;29,8;68,1;406;0;0
;25,7;74,8;408;0;0
;28,8;68,1;424;0;0
;28,1;75,2;375;0;0
;28;68,7;397;0;0
;25,4;60,1;403;0;0
;23,2;67,3;432;0;0
;23,9;69;383;0;0
;22,4;67,5;433;0;0
;26,2;69,3;420;0;0
;23,8;77,3;350;0;0
;20,3;66,8;446;0;0
;23,8;68;420;0;0
;26,1;75,3;449;0;0
;28,1;74,4;415;0;0
;22,4;78,5;406;0;0
;20,6;78,7;385;0;0
;24,9;65,1;394;0;0
;22,8;66,1;404;0;0
;23,1;72,2;428;0;0
;27,2;65,5;380;0;0
;21,8;73,6;396;0;0
;21,8;70,5;388;0;0
;25,7;65,1;406;0;0
;29,6;69,7;404;0;0
;20,4;72,7;427;0;0
;29,5;72;401;0;0
;22,3;64,2;401;0;0
;26,1;68,2;375;0;0
;27,8;65,5;386;0;0
;28,2;68,5;387;0;0
;26,2;69;406;0;0
;25,9;63,4;413;0;0
;22,2;61,9;408;0;0
;20,2;72,8;419;0;0
;22,3;67,8;444;0;0
;25,9;69,9;384;0;0
;24,3;74,4;433;0;0
;26,9;79,8;411;0;0
;22,7;61,6;433;0;0
;20,9;77,9;388;0;0
;22,3;67,1;380;0;0
;20,7;70,4;405;0;0
;28,8;73;369;0;0
;25,3;66,5;425;0;0
;29,9;73,2;376;0;0
;25,6;74,6;386;0;0
;25,6;79,2;399;0;0
;21,8;73,8;403;0;0
;21;69;372;0;0
;27,6;67;422;0;0
;29,3;64,7;412;0;0
;24;63;424;0;0
;25,2;72,5;403;0;0
;20,9;75,1;403;0;0
;27,8;74,2;397;0;0
;20,4;66,1;384;0;0
;20,9;78,7;373;0;0
;25,5;66,1;378;0;0
;26;70,3;357;0;0
;29,2;69,9;402;0;0
;23,8;77,6;398;0;0
;28,7;76,1;387;0;0
;20,8;68,1;420;0;0
;21,7;73,9;401;0;0
;26,4;76,4;400;0;0
;21,3;77,2;399;0;0
;26,1;75,3;416;0;0
;21,7;70,1;379;0;0
;23,7;61,4;394;0;0
;20,3;62,7;401;0;0
;29,7;68,6;411;0;0
;23,1;70,1;381;0;0
;26,4;64,3;397;0;0
;26,2;73;396;0;0
;20,6;79,9;430;0;0
;20,6;73,9;388;0;0
;26,9;61,2;394;0;0
;25,1;79,9;409;0;0
;23,1;72,5;424;0;0
;25,3;68,5;373;0;0
;23,7;68,3;396;0;0
;28,3;74,7;388;0;0
;20,2;65,2;348;0;0
;27,6;62,7;370;0;0
;20,1;64,8;404;0;0
;29,8;76;400;0;0
;21,1;71;412;0;0
;24,5;76,9;399;0;0
;21,5;66,5;381;0;0
;27,4;69,5;373;0;0
;24,6;75,7;368;0;0
;28,9;79,1;387;0;0
;26,9;68,8;421;0;0
;22,5;76,8;443;0;0
;26,6;77,9;388;0;0
;26,4;72,3;401;0;0
;21,5;74,7;385;0;0
;25,1;73,6;393;0;0
;20,7;60,2;404;0;0
;29,6;74,8;373;0;0
;23,5;75,5;381;0;0
;26,6;63,7;424;0;0
;22,7;60,4;414;0;0
;20,8;79,4;420;0;0
;26,2;67,6;385;0;0
;22,1;62,4;427;0;0
;26,4;70,6;411;0;0
;20,4;79,4;387;0;0
;29,8;72;419;0;0
;25,8;75;411;0;0
;21,3;66,8;421;0;0
;29,3;64,5;379;0;0
;24,4;72,3;361;0;0
;29,4;64,8;396;0;0
;28,9;72,9;394;0;0
;22,9;76,3;397;0;0
;27,6;69,2;406;0;0
;28,4;74,6;413;0;0
;21,8;70,9;423;0;0
;29,8;78,7;408;0;0
;28,2;64,3;387;0;0
;25,1;76,8;406;0;0
;25,9;70,2;434;0;0
;23;71,3;479,7143275;0;0
;26,4;75,2;408;0;0
;21,6;69,2;396;0;0
;28;64,1;383;0;0
;25,6;74,7;376;0;0
;23,6;75,7;409;0;0
;25,5;60,1;384;0;0
;29,6;67,4;413;0;0
;23,3;63;414;0;0
;30;67,4;393;0;0
;24,5;74,4;404;0;0
;23,9;68,3;419;0;0
;27;60,1;369;0;0
;27,9;61,9;425;0;0
;25,9;69,6;389;0;0
;25,8;71,2;404;0;0
;25,6;72,1;420;0;0
;22,7;76,5;412;0;0
;25;61,5;397;0;0
;27,8;74,2;391;0;0
;27,9;70,3;377;0;0
;23,3;68,7;396;0;0
;20,9;64,4;430;0;0
;30;78,7;413;0;0
;26,4;68,4;424;0;0
;21,2;68,2;412;0;0
;28,4;67,7;438;0;0
;21,8;67,2;431;0;0
;23,3;60,5;403;0;0
;23;78,8;365;0;0
;22,6;68,6;410;0;0
;24,6;69,7;389;0;0
;21,3;61,6;399;0;0
;24,4;74,6;435;0;0
;27,7;63,2;380;0;0
;27,5;73,1;406;0;0
;29,6;61,4;398;0;0
;22,6;64,9;396;0;0
;29,1;65;418;0;0
;24,5;75,5;384;0;0
;20,7;69,8;352;0;0
;23,5;78;418;0;0
;20,2;73,3;401;0;0
;29,4;61;410;0;0
;24,2;65,2;416;0;0
;22;71,3;375;0;0
;24,6;79,4;368;0;0
;21,1;63;423;0;0
;22,3;65;404;0;0
;25,2;62,3;423;0;0
;28,6;74,5;404;0;0
;25,4;61,6;393;0;0
;24,6;69,7;409;0;0
;24,6;68,2;418;0;0
;26,5;70,9;400;0;0
;28,1;69,2;385;0;0
;20,5;75,7;387;0;0
;21,6;66,6;384;0;0
;27,6;70,4;406;0;0
;28,8;77,4;395;0;0
;22,4;69;418;0;0
;25,4;70;398;0;0
;21,1;73,1;391;0;0
;27,8;79,3;423;0;0
;22;70,5;418;0;0
;25,8;72,7;387;0;0
;28;67,9;401;0;0
;21,6;73,9;417;0;0
;27,9;66,3;393;0;0
;21,8;77,9;392;0;0
;26,5;63;441;0;0
;20,8;77,6;379;0;0
;28;70,1;398;0;0
;29,8;73,4;409;0;0
;26,3;63,3;396;0;0
;21,6;60,3;420;0;0
;25,6;70,5;412;0;0
;20,8;74,6;407;0;0
;21,9;77,2;403;0;0
;27,1;66,3;426;0;0
;24,7;76,4;358;0;0
;24,9;76,6;388;0;0
;23,4;63,5;417;0;0
;21;64,8;411;0;0
;21,4;67;432;0;0
;26,5;72,4;394;0;0
;23,5;76,8;408;0;0
;26,3;62,5;400;0;0
;26,8;66,5;391;0;0
;21,7;77,1;404;0;0
;22,3;76,7;417;0;0
;26,9;70,3;373;0;0
;23,1;64,3;410;0;0
;28,7;75,3;404;0;0
;27,9;73,3;408;0;0
;26,7;71,2;395;0;0
;21,1;68,9;422;0;0
;25,5;67,6;398;0;0
;29,8;62,2;389;0;0
;27,4;78,4;398;0;0
;22,8;77,2;410;0;0
;27,5;76,1;395;0;0
;20,2;79,3;381;0;0
;28,3;65,6;422;0;0
;28,7;62,3;407;0;0
;21;64,8;437;0;0
;20,1;69,4;416;0;0
;23;66;368;0;0
;27,4;61;419;0;0
;28,9;63,7;434;0;0
;20,8;64,8;401;0;0
;20,6;76,6;423;0;0
;26;62,3;420;0;0
;28,8;71,4;410;0;0
;25,2;68,6;387;0;0
;27,7;72;363;0;0
;28,9;68,9;432;0;0
;25,9;74,1;426;0;0
;22,4;70,2;395;0;0
;24,9;73;383;0;0
;29,5;72;401;0;0
;26,3;61,4;434;0;0
;22,5;67,2;388;0;0
;21,4;65,5;399;0;0
;29,7;66,6;372;0;0
;26,1;65,6;398;0;0
;22,1;70,3;394;0;0
;28;71,4;385;0;0
;25,1;65,9;397;0;0
;20,9;72,3;413;0;0
;21,1;66,9;422;0;0
;24,9;74;400;0;0
;29,9;62,6;386;0;0
;24,2;68,2;370;0;0
;29,1;74,3;368;0;0
;28,2;79,1;418;0;0
;28,2;60;390;0;0
;22,6;61,2;403;0;0
;26;73,7;395;0;0
;24,6;67,4;382;0;0
;21,2;68,4;397;0;0
;20,8;67,1;402;0;0
;29,4;73,4;378;0;0
;25,9;60,2;428;0;0
;26,4;78,3;419;0;0
;27,2;62,4;406;0;0
;29;61,3;377;0;0
;20,1;68,4;402;0;0
;23;69,7;389;0;0
;21,2;71,2;402;0;0
;23,4;74,6;419;0;0
;26,9;68,6;409;0;0
;26,7;65,5;420;0;0
;24,5;76;387;0;0
;28,2;77,2;397;0;0
;23,2;71,6;416;0;0
;23,7;72;421;0;0
;23,7;63,3;423;0;0
;24,3;62,9;394;0;0
;21,5;60,5;416;0;0
;26,5;72,7;389;0;0
;24,1;66,2;396;0;0
;26,8;72,1;375;0;0
;29,9;69,1;388;0;0
;26,9;62,8;391;0;0
;25,1;79,3;400;0;0
;23,8;60,8;398;0;0
;21,6;60,5;393;0;0
;27,6;69,2;411;0;0
;21,2;79,1;394;0;0
;23,1;77,8;423;0;0
;29,8;65,8;407;0;0
;29,6;67,8;369;0;0
;25,4;63,1;377;0;0
;25,5;70,8;413;0;0
;24,4;66;410;0;0
;22,6;63,9;397;0;0
;22,7;79,3;391;0;0
;25,6;66,9;379;0;0
;24,4;72,5;405;0;0
;24,9;68;422;0;0
;26,2;64;439;0;0
;24;60,8;453;0;0
;22,3;79,3;370;0;0
;29,1;74,4;422;0;0
;21,3;75,8;402;0;0
;21,2;75,9;412;0;0
;29,4;63;393;0;0
;24,6;79,6;423;0;0
;25,9;67,5;399;0;0
;22,9;64,1;388;0;0
;25,1;69,8;427;0;0
;25,8;77,3;399;0;0
;28,3;75,3;406;0;0
;25,7;79,1;396;0;0
;28,5;68,8;397;0;0
;28,5;77,9;412;0;0
;26,3;78,5;341;0;0
;20,2;69,5;422;0;0
;26,9;62,7;419;0;0
;23;67,2;387;0;0
;22,1;79,1;459,8538175;0;0
;20,1;80;419;0;0
;22,9;60,3;410;0;0
;27,4;76,7;387;0;0
;27,5;75,4;409;0;0
;26,6;75,3;407;0;0
;20,9;69,8;421;0;0
;20,8;68,2;386;0;0
;23,5;62,2;397;0;0
;28,1;79;362;0;0
;20,8;70;404;0;0
;27,9;74,1;368;0;0
;22,3;65,6;385;0;0
;28;78,6;417;0;0
;23,2;69,5;396;0;0
;22,3;72,8;401;0;0
;23,6;73;406;0;0
;21,2;77,8;340;0;0
;25,9;72,5;404;0;0
;20,7;73,7;416;0;0
;28,2;76,1;381;0;0
;25,5;70,4;408;0;0
;22,7;69,9;390;0;0
;22,8;62,7;390;0;0
;27,5;66,4;403;0;0
;20;70,2;393;0;0
;28,4;60,1;403;0;0
;22,5;74,8;387;0;0
;23,6;65,4;394;0;0
;28,4;66,3;405;0;0
;24,3;78,2;404;0;0
;23,8;79,3;405;0;0
;24,9;67,8;388;0;0
;26,3;74,1;419;0;0
;29,7;75,2;425;0;0
;29,5;74,1;388;0;0
;27,8;72,9;394;0;0
;20,5;67,2;400;0;0
;24,3;69,2;412;0;0
;22,1;67,4;390;0;0
;27,7;68,3;397;0;0
;28,2;77;412;0;0
;24,7;77,6;377;0;0
;22,2;73,6;369;0;0
;21,4;73;416;0;0
;27,4;66,3;376;0;0
;27,1;64;433;0;0
;28,9;65,7;389;0;0
;21,1;70,3;397;0;0
;22,7;76,7;395;0;0
;24,9;68,1;380;0;0
;25,3;71,9;400;0;0
;29,6;70,4;395;0;0
;26,8;66,2;414;0;0
;25,2;79,5;414;0;0
;21,3;60,3;413;0;0
;21,2;65,3;412;0;0
;20,2;65,9;402;0;0
;23,5;67,4;431;0;0
;20;66;403;0;0
;28,5;60,5;401;0;0
;29;75,7;396;0;0
;24;66,1;430;0;0
;20,7;64,6;398;0;0
;27,5;69,5;367;0;0
;20,6;79,2;400;0;0
;29,6;61,5;405;0;0
;23,7;64,5;392;0;0
;26,2;75,6;394;0;0
;25,8;62,9;410;0;0
;23,9;73,5;423;0;0
;22,6;66,9;395;0;0
;24,7;77,8;409;0;0
;27,1;61,2;383;0;0
;21,3;79,2;442;0;0
;25,3;64,8;518,1604732;0;0
;20,8;65,5;400;0;0
;28,1;69,2;356;0;0
;20,4;63,3;431;0;0
;24,5;64,2;391;0;0
;29,6;63,9;412;0;0
;29,5;79,9;368;0;0
;24,4;71,9;409;0;0
;20,7;72,4;409;0;0
;27,6;63,2;400;0;0
;24,8;74,4;414;0;0
;26,7;63,3;374;0;0
;25,7;75,4;394;0;0
;20,1;67,1;400;0;0
;29,3;64,6;375;0;0
;23,2;77;412;0;0
;27,3;61,9;391;0;0
;24,8;73,2;399;0;0
;21,2;65,8;415;0;0
;29,9;60,9;396;0;0
;27,6;67,4;428;0;0
;29,2;79;388;0;0
;25,8;67,1;386;0;0
;25,6;67,2;416;0;0
;26,6;64,8;400;0;0
;22,2;60,8;381;0;0
;20,4;63,5;392;0;0
;29,5;71,6;414;0;0
;24,4;71,6;432;0;0
;22,8;67,1;402;0;0
;28,9;78,9;396;0;0
;27,8;69,5;418;0;0
;25;64,1;375;0;0
;23,3;77,1;407;0;0
;22,1;61,4;348;0;0
;28,1;76,7;404;0;0
;23,3;73,9;414;0;0
;21,5;77,5;424;0;0
;25,4;65,6;390;0;0
;21,3;75,3;398;0;0
;20;68,3;386;0;0
;29,7;64,5;478,6698133;0;0
;23;66,1;414;0;0
;27,4;77;377;0;0
;24,2;66,1;424;0;0
;28,2;63,6;380;0;0
;23,7;78;388;0;0
;25,9;73,2;428;0;0
;20,8;70,9;383;0;0
;27,8;71,7;410;0;0
;29,5;60,8;413;0;0
;23;74,3;370;0;0
;27,6;62,1;440;0;0
;23,7;78,7;462;0;0
;28,3;73,9;394;0;0
;29,2;73,9;436;0;0
;79,2;27,2;2096;1;1
;82,3;13,9;2381;1;1
;63,4;29,6;4426;1;1
;78;24,5;3248;1;1
;87,9;19,9;2522;1;1
;56,5;25,7;3938;1;1
;65,4;10,5;4356;1;1
;50,5;24,1;4881;1;1
;67,5;14,7;3819;1;1
;82,7;20,9;4868;1;1
;52,1;20,1;3874;1;1
;84,5;13,6;4200;1;1
;72,1;17,9;1527;1;1
;84,6;13,1;2239;1;1
;61,6;27,4;3691;1;1
;81,9;15;3499;1;1
;72,9;26,7;4624;1;1
;50,5;23,5;1207;1;1
;72;15,8;2227;1;1
;64,1;22,4;2336;1;1
;79,3;18,1;1273;1;1
;81,4;15,7;2731;1;1
;77,4;16,6;1226;1;1
;65;28,9;3567;1;1
;76,9;22,6;1796;1;1
;66,7;25;1405;1;1
;61,1;15,5;2728;1;1
;89,2;11,4;3075;1;1
;57,2;29,4;1453;1;1
;66,1;24,8;3818;1;1
;66,9;16,9;2590;1;1
;60,6;14,1;2932;1;1
;60,7;15,7;3627;1;1
;88,7;22,1;1308;1;1
;53;29;2189;1;1
;53,7;22;3495;1;1
;75,9;15,3;1060;1;1
;88,6;15;3704;1;1
;78,3;22,2;2252;1;1
;60,8;22;4464;1;1
;87,9;12,1;1619;1;1
;87,8;24,7;4532;1;1
;58,1;21,8;3805;1;1
;77,2;18,2;1062;1;1
;73,3;15,1;2801;1;1
;88,3;18;4359;1;1
;57,5;23,4;4908;1;1
;54,1;10,2;2734;1;1
;53,7;25;4658;1;1
;67,4;15,2;2738;1;1
;78,9;10,2;3358;1;1
;74,5;22,8;1968;1;1
;78,6;11,8;1797;1;1
;85,1;24,8;1055;1;1
;59,9;14,3;2083;1;1
;59,9;11,3;2836;1;1
;79,3;22,1;3691;1;1
;53,2;29;4354;1;1
;82,2;26,5;4731;1;1
;71,8;14;3467;1;1
;79,7;24,8;3086;1;1
;52,7;17,4;4683;1;1
;73,4;20,8;2075;1;1
;64,7;27,9;3666;1;1
;81,5;19,1;3521;1;1
;59,9;24,1;2710;1;1
;67,7;23;4745;1;1
;52,6;26,5;2170;1;1
;67,8;10,4;2204;1;1
;70,1;11,1;2964;1;1
;87,1;12,1;4058;1;1
;66,4;23,1;2041;1;1
;56,4;13,2;1282;1;1
;57,4;23,3;4527;1;1
;82,6;23,7;1442;1;1
;61,6;16,2;2000;1;1
;70,6;20,7;2428;1;1
;64,2;26,6;4157;1;1
;62,3;28,3;4811;1;1
;63,1;17,1;3023;1;1
;87,6;27,5;1410;1;1
;65,7;21,1;3013;1;1
;57,8;27,2;3708;1;1
;83,5;27,2;3993;1;1
;67,6;22,2;1641;1;1
;76,9;13,6;3776;1;1
;59,2;12,4;1661;1;1
;50,1;24,4;3930;1;1
;70,6;13,2;1334;1;1
;50,8;13,3;4563;1;1
;59,7;17,1;1421;1;1
;58,9;20,4;3431;1;1
;59,8;11,2;2564;1;1
;59,4;14,4;4839;1;1
;74,7;21,1;2663;1;1
;67,2;20,8;3786;1;1
;78,1;13,4;3000;1;1
;66,5;27,4;3526;1;1
;71,3;12,3;3423;1;1
;54,7;16,7;1571;1;1
